1,岡田 敦子,okada_a@example.com,株式会社カリフラワー,総務部,広報,
2,佐々木 直美,sasaki_n@example.com,株式会社ジャガイモ,営業部,法人営業,"営業先のアポイントメントをセット"
3,渡辺 健一,watanabe_k@example.com,株式会社ブラックオリーブ,開発部,PM,"新規プロジェクトの進捗報告を準備中"
4,斉藤 美和,saito_m@example.com,株式会社カボチャ,営業部,法人営業,"営業戦略会議の日程調整"
5,小林 修一,kobayashi_s@example.com,株式会社サツマイモ,総務部,広報,"社内のイベント準備中"
6,村上 知子,murakami_t@example.com,株式会社アボカド,開発部,サーバーサイドエンジニア,"データベースのパフォーマンスチューニング"
7,大野 雄太,ono_y@example.com,株式会社ピーマン,営業部,法人営業,"クライアントとの交渉中"
8,吉田 美香,yoshida_m@example.com,株式会社セロリ,総務部,人事,"役員会の資料作成"
9,金子 一郎,kaneko_i@example.com,株式会社パセリ,開発部,フロントエンドエンジニア,"バグの修正作業"
10,田村 真紀,tamura_m@example.com,株式会社スイカ,営業部,法人営業,"営業提案資料の作成"
11,梶原 家継,itg_kzhr@example.com,株式会社ねぎ,広報部,広報,
12,深沢 勝許,hukazawa@example.com,株式会社にんじん,営業部,法人営業,"新規顧客開拓の戦略を検討中"
13,須藤 督彦,tkhk0908@example.com,なす株式会社,総務部,商品企画,"新商品のプロモーション準備"
14,石橋 直志,tadasi_isibasi@example.com,みょうが株式会社,営業部,法人営業,"営業先リストの更新"
15,川野 永基,kabumo@example.com,株式会社たくあん,開発部,PM,"プロジェクトの進捗レビュー"
16,大久保 美砂,ookubo_misa@example.com,株式会社だいこん,開発部,PM,"次回のスプリント計画会議のアジェンダ作成"
17,谷川貞久,awakinat1981@example.com,とまと株式会社,開発部,営業,"新しい顧客への提案資料作成"
18,東 顕太郎,kntru-azm@example.com,株式会社パエリア,営業部,法人営業,"月次営業報告書の作成。https://example.com/paella/1    https://example.com/paella/2 を参照。"
19,矢島秀司,yazima2006@example.com,株式会社ピーマン,人事部,人事,"新入社員の研修計画立案中"
20,西 顕太郎,nishi@example.com,株式会社ピクルス,開発部,フロントエンドエンジニア,"新機能の実装に向けて技術調査中
    参考①: http://example.com/doc?page=1#section1
    参考②: https://example.com/doc?page=2&id=2"
